20A.EU2	nuc	8782	C
20A.EU2	nuc	14408	T
20A.EU2	nuc	23403	G
20A.EU2	nuc	18877	T
20A.EU2	nuc	22992	A

20A.EU3	nuc	8782	C
20A.EU3	nuc	14408	T
20A.EU3	nuc	23403	G
20A.EU3	nuc	21885	T
20A.EU3	nuc	6941	T

S.S98F	nuc	8782	C
S.S98F	nuc	14408	T
S.S98F	nuc	23403	G
S.S98F	nuc	21855	T
S.S98F	nuc	25505	G
S.S98F	nuc	25996	T

S.D80Y	nuc	8782	C
S.D80Y	nuc	14408	T
S.D80Y	nuc	23403	G
S.D80Y	nuc	3099	T
S.D80Y	nuc	21800	T
S.D80Y	nuc	27632	T

S.N439K	nuc	8782	C
S.N439K	nuc	14408	T
S.N439K	nuc	23403	G
S.N439K	nuc	7767	C
S.N439K	nuc	8047	T
S.N439K	nuc	22879	A

Mink.Cluster5	nuc	5144	T
Mink.Cluster5	nuc	15656	T
Mink.Cluster5	nuc	22920	T
Mink.Cluster5	nuc	23636	G

S.A626S	nuc	8782	C
S.A626S	nuc	14408	T
S.A626S	nuc	23403	G
S.A626S	nuc	28881	A
S.A626S	nuc	28882	A
S.A626S	nuc	772	C
S.A626S	nuc	23438	T

20C/S.501T	nuc	1059	T
20C/S.501T	nuc	8782	C
20C/S.501T	nuc	14408	T
20C/S.501T	nuc	23403	G
20C/S.501T	nuc	25563	T
20C/S.501T	nuc	8703	C
20C/S.501T	nuc	23064	C

20B/S.484K	nuc	8782	C
20B/S.484K	nuc	14408	T
20B/S.484K	nuc	23403	G
20B/S.484K	nuc	28881	A
20B/S.484K	nuc	28882	A
20B/S.484K	nuc	23012	A
20B/S.484K	nuc	28628	T

20C/S.452R	nuc	14408	T
20C/S.452R	nuc	23403	G
20C/S.452R	nuc	25563	T
20C/S.452R	nuc	22917	G
20C/S.452R	nuc	22018	T
20C/S.452R	nuc	28887	T

20C/S.484K	nuc	1059	T
20C/S.484K	nuc	9867	C
20C/S.484K	nuc	21575	T
20C/S.484K	nuc	23012	A

20A/S.484K	nuc	8593	C
20A/S.484K	nuc	23012	A
20A/S.484K	nuc	24224	C

20A/S.154K	nuc	29742	T
20A/S.154K	nuc	3457	T
20A/S.154K	nuc	23012	C

20A/S.478K	nuc	29742	T
20A/S.478K	nuc	21618	G
20A/S.478K	nuc	16466	T

20G/S:677H.Robin1	nuc	23593	T
20G/S:677H.Robin1	nuc	29402	T

20G/S:677P.Pelican	nuc	23592	C
20G/S:677P.Pelican	nuc	11451	G
20G/S:677P.Pelican	nuc	21811	A